{"loss": [1.7988829612731934, 1.499221682548523, 1.3626484870910645, 1.261549472808838, 1.1804862022399902, 1.1099870204925537, 1.0568803548812866, 1.0155028104782104, 0.971825897693634, 0.9392603039741516, 0.9088335633277893, 0.8851020932197571, 0.8622334599494934, 0.8417364358901978, 0.8252761960029602, 0.8073863983154297, 0.794776439666748, 0.78439861536026, 0.7659834027290344, 0.7611281871795654, 0.7547624707221985, 0.7407757043838501, 0.7372233271598816, 0.7324032783508301, 0.7274060845375061, 0.720503568649292, 0.7124833464622498, 0.7117846608161926, 0.7036638855934143, 0.7030559778213501, 0.7025092840194702, 0.6918303370475769, 0.6891688704490662, 0.6909306049346924, 0.6814810633659363, 0.6822080016136169, 0.6786936521530151, 0.675406813621521, 0.6768919825553894, 0.6699628233909607, 0.6762940287590027, 0.6664615869522095, 0.6660143136978149, 0.6630455851554871, 0.6552432775497437, 0.6534838676452637, 0.6581319570541382, 0.6593586802482605, 0.6557803153991699, 0.6521590948104858], "accuracy": [0.341839998960495, 0.458840012550354, 0.5118399858474731, 0.5527200102806091, 0.5825799703598022, 0.614300012588501, 0.6299999952316284, 0.6463599801063538, 0.6598399877548218, 0.6725000143051147, 0.6818199753761292, 0.6913400292396545, 0.6992800235748291, 0.7087200284004211, 0.7139999866485596, 0.7217000126838684, 0.7274199724197388, 0.7299200296401978, 0.7356799840927124, 0.7386199831962585, 0.7396799921989441, 0.7472000122070312, 0.7482799887657166, 0.7501199841499329, 0.7512400150299072, 0.7537599802017212, 0.7577599883079529, 0.757319986820221, 0.7635200023651123, 0.7610800266265869, 0.763159990310669, 0.7652400135993958, 0.7659800052642822, 0.7668600082397461, 0.7697200179100037, 0.7686200141906738, 0.7726200222969055, 0.7713199853897095, 0.7730600237846375, 0.7745000123977661, 0.7717400193214417, 0.7764000296592712, 0.7765399813652039, 0.7757200002670288, 0.7812600135803223, 0.7797399759292603, 0.7814800143241882, 0.7776200175285339, 0.780460000038147, 0.7806199789047241], "val_loss": [1.5085011720657349, 1.3968002796173096, 1.3335593938827515, 1.2270559072494507, 1.1042205095291138, 1.0508902072906494, 1.0540003776550293, 0.9342920184135437, 0.9177120327949524, 0.9214655756950378, 0.8709567785263062, 0.8345217108726501, 0.8420490026473999, 0.8161539435386658, 0.8265278339385986, 0.8049854636192322, 0.7939689755439758, 0.7605865597724915, 0.7704170942306519, 0.7831231951713562, 0.7373020052909851, 0.7691230177879333, 0.7329273819923401, 0.7138626575469971, 0.7428877949714661, 0.7187336683273315, 0.7059510946273804, 0.7578644752502441, 0.6893673539161682, 0.7302217483520508, 0.7109606862068176, 0.6851783394813538, 0.7292256951332092, 0.7351956367492676, 0.6794697046279907, 0.7047057747840881, 0.7055978775024414, 0.6919460892677307, 0.6765914559364319, 0.676104724407196, 0.7013169527053833, 0.6783356070518494, 0.6733809113502502, 0.7067856192588806, 0.6921817660331726, 0.6891681551933289, 0.7158414721488953, 0.6758542060852051, 0.6572222113609314, 0.6952122449874878], "val_accuracy": [0.45509999990463257, 0.5001999735832214, 0.5329999923706055, 0.5735999941825867, 0.6141999959945679, 0.6258999705314636, 0.628000020980835, 0.6740999817848206, 0.6801999807357788, 0.6771000027656555, 0.6955000162124634, 0.7060999870300293, 0.7059999704360962, 0.7141000032424927, 0.7116000056266785, 0.7210000157356262, 0.7289999723434448, 0.7382000088691711, 0.7347000241279602, 0.7318000197410583, 0.746999979019165, 0.7419000267982483, 0.7488999962806702, 0.7563999891281128, 0.7459999918937683, 0.7548999786376953, 0.7594000101089478, 0.7419999837875366, 0.7642999887466431, 0.7613000273704529, 0.7717999815940857, 0.7671999931335449, 0.7587000131607056, 0.7592999935150146, 0.7749000191688538, 0.767300009727478, 0.7648000121116638, 0.7675999999046326, 0.7700999975204468, 0.7702999711036682, 0.7773000001907349, 0.7781999707221985, 0.7795000076293945, 0.7750999927520752, 0.7753000259399414, 0.7804999947547913, 0.7703999876976013, 0.7718999981880188, 0.7814000248908997, 0.7760999798774719]}