{"loss": [1.8694238662719727, 1.5595208406448364, 1.412684679031372, 1.3074886798858643, 1.2184017896652222, 1.133742094039917, 1.0729354619979858, 1.0197954177856445, 0.981388509273529, 0.9424228668212891, 0.9101639986038208, 0.8861912488937378, 0.855732262134552, 0.838653028011322, 0.8222715854644775, 0.8020051717758179, 0.7852568626403809, 0.7737724781036377, 0.7653511166572571, 0.7516577243804932, 0.7388965487480164, 0.7303468585014343, 0.7220597863197327, 0.7202157974243164, 0.7063202261924744, 0.70314621925354, 0.6953719258308411, 0.6976079940795898, 0.6939188241958618, 0.6831112504005432, 0.6807544231414795, 0.6784312725067139, 0.6771754026412964, 0.6725797653198242, 0.67095547914505, 0.6714433431625366, 0.6687958240509033, 0.6687424778938293, 0.6670955419540405, 0.661524772644043, 0.6556114554405212, 0.6570338606834412, 0.6566951870918274, 0.6485872864723206, 0.6497886180877686, 0.6485404968261719, 0.6501367092132568, 0.646102249622345, 0.645534873008728, 0.644708514213562], "accuracy": [0.3158999979496002, 0.4335399866104126, 0.49309998750686646, 0.5374000072479248, 0.5702400207519531, 0.6006199717521667, 0.6234599947929382, 0.6424800157546997, 0.657260000705719, 0.6729999780654907, 0.6828200221061707, 0.6911799907684326, 0.7016800045967102, 0.7091799974441528, 0.7162399888038635, 0.7218999862670898, 0.7286400198936462, 0.7317399978637695, 0.735480010509491, 0.739300012588501, 0.7453799843788147, 0.7477800250053406, 0.7526599764823914, 0.7515400052070618, 0.7578799724578857, 0.7593799829483032, 0.7631000280380249, 0.7631800174713135, 0.7609400153160095, 0.7672399878501892, 0.7665799856185913, 0.7707800269126892, 0.7703999876976013, 0.7716000080108643, 0.7717400193214417, 0.7728400230407715, 0.7722399830818176, 0.7725600004196167, 0.7767800092697144, 0.7763000130653381, 0.7804800271987915, 0.7806800007820129, 0.7797600030899048, 0.7805399894714355, 0.7816200256347656, 0.7816200256347656, 0.7835000157356262, 0.7839000225067139, 0.7826200127601624, 0.7843000292778015], "val_loss": [1.5796959400177002, 1.4086556434631348, 1.3495692014694214, 1.1980019807815552, 1.1292550563812256, 1.0812594890594482, 1.0093488693237305, 1.0002609491348267, 0.9168856143951416, 0.889165997505188, 0.8564229607582092, 0.8408505320549011, 0.8194890022277832, 0.8153272867202759, 0.8349894881248474, 0.7634393572807312, 0.7648237943649292, 0.7402055859565735, 0.7445157766342163, 0.7454299926757812, 0.7171506285667419, 0.7255939841270447, 0.7144078016281128, 0.7100891470909119, 0.7138603925704956, 0.7016561627388, 0.7238572835922241, 0.6990129351615906, 0.6717031002044678, 0.7034813165664673, 0.7026484608650208, 0.6710867881774902, 0.7132521867752075, 0.6668478846549988, 0.7159417271614075, 0.6983397603034973, 0.7106729745864868, 0.6687725186347961, 0.6753422617912292, 0.6670745611190796, 0.6664174199104309, 0.6648406386375427, 0.682415783405304, 0.6426171064376831, 0.6806679368019104, 0.6645029783248901, 0.6825646162033081, 0.6893346905708313, 0.6664640307426453, 0.6654888391494751], "val_accuracy": [0.429500013589859, 0.4918000102043152, 0.5166000127792358, 0.5730000138282776, 0.6021000146865845, 0.6234999895095825, 0.6455000042915344, 0.652899980545044, 0.6761000156402588, 0.6862999796867371, 0.6984000205993652, 0.7077999711036682, 0.7132999897003174, 0.722100019454956, 0.7128000259399414, 0.7386999726295471, 0.7400000095367432, 0.7479000091552734, 0.7432000041007996, 0.7447999715805054, 0.7538999915122986, 0.7519000172615051, 0.7592999935150146, 0.7613000273704529, 0.7552000284194946, 0.765500009059906, 0.760699987411499, 0.7663000226020813, 0.7742999792098999, 0.7621999979019165, 0.7646999955177307, 0.7766000032424927, 0.7605000138282776, 0.7749000191688538, 0.757099986076355, 0.7675999999046326, 0.7609000205993652, 0.7810999751091003, 0.7738000154495239, 0.7760999798774719, 0.7717999815940857, 0.7784000039100647, 0.7739999890327454, 0.785099983215332, 0.7703999876976013, 0.7836999893188477, 0.7736999988555908, 0.7710999846458435, 0.7883999943733215, 0.7818999886512756]}